<?xml version="1.0" encoding="UTF-8"?>
<!DOCTYPE hibernate-mapping PUBLIC
        "-//Hibernate/Hibernate Mapping DTD 3.0//EN"
        "http://www.hibernate.org/dtd/hibernate-mapping-3.0.dtd">

<hibernate-mapping package="com.FirstHibernateProject.Hibernate.dto">

    <class name="ActorDTO" table="ACTOR">
        <id name="actorId" type="int" column="actor_id">
            <generator class="native"/>
        </id>
        <property name="firstName" type="string" column="first_name"/>
        <property name="lastName" type="string" column="last_name"/>
        
        <property name="lastUpdate" type="timestamp" column="last_update"/>
    </class>

</hibernate-mapping>